timestamp,elapsed_s,active_nodes,total_cpu_percent,total_rss_mb,max_hwm_mb,total_threads,total_fds,tcp_established,tcp_time_wait
21:26:03,1,2,0.0,15.88,7.98,50,118,2,0
21:26:04,2,2,0.0,15.88,7.98,50,118,2,0
21:26:05,3,2,0.0,15.88,7.98,50,118,2,0
21:26:06,4,2,0.0,15.88,7.98,50,118,2,0
21:26:07,5,2,0.0,15.88,7.98,50,118,2,0
21:26:08,6,2,0.0,15.88,7.98,50,118,2,0
21:26:09,7,2,0.0,15.88,7.98,50,118,2,0
21:26:10,8,2,0.0,15.88,7.98,50,118,2,0
21:26:11,9,2,0.0,15.88,7.98,50,118,2,0
21:26:12,10,2,0.0,15.88,7.98,50,118,2,0
21:26:13,11,2,0.0,15.88,7.98,50,118,2,0
21:26:14,12,2,0.0,15.88,7.98,50,118,2,0
21:26:15,13,2,0.0,15.88,7.98,50,118,2,0
21:26:16,14,2,0.0,15.88,7.98,50,118,2,0
21:26:17,15,2,0.0,15.88,7.98,50,118,2,0
21:26:18,16,2,0.0,15.88,7.98,50,118,2,0
21:26:19,17,2,0.0,15.88,7.98,50,118,2,0
21:26:21,18,2,0.0,15.88,7.98,50,118,2,0
21:26:22,19,2,0.0,15.88,7.98,50,118,2,0
21:26:23,20,2,0.0,15.88,7.98,50,118,2,0
21:26:24,21,2,0.0,15.88,7.98,50,118,2,0
21:26:25,22,2,0.0,15.88,7.98,50,118,2,0
21:26:26,23,2,0.0,15.88,7.98,50,118,2,0
21:26:27,24,2,0.0,15.88,7.98,50,118,2,0
21:26:28,25,2,0.0,15.88,7.98,50,118,2,0
21:26:29,26,2,0.0,15.88,7.98,50,118,2,0
21:26:30,27,2,0.0,15.88,7.98,50,118,2,0
21:26:31,28,2,0.0,15.88,7.98,50,118,2,0
21:26:32,29,2,0.0,15.88,7.98,50,118,2,0
21:26:33,31,2,0.0,15.88,7.98,50,118,2,0
21:26:34,32,2,0.0,15.88,7.98,50,118,2,0
21:26:35,33,2,0.0,15.88,7.98,50,118,2,0
21:26:36,34,2,0.0,15.88,7.98,50,118,2,0
21:26:37,35,2,0.0,15.88,7.98,50,118,2,0
21:26:38,36,2,0.0,15.88,7.98,50,116,0,0
21:26:39,37,2,0.0,15.88,7.98,50,116,0,0
21:26:40,38,2,0.0,15.88,7.98,50,116,0,0
21:26:41,39,2,0.0,15.88,7.98,50,116,0,0
21:26:42,40,2,0.0,15.88,7.98,50,116,0,0
21:26:43,41,2,0.0,15.88,7.98,50,116,0,0
21:26:44,42,2,0.0,15.88,7.98,50,116,0,0
21:26:45,43,2,0.0,15.88,7.98,50,116,0,0
21:26:46,44,2,0.0,15.88,7.98,50,116,0,0
21:26:47,45,2,0.0,15.88,7.98,50,116,0,0
21:26:48,46,2,0.0,15.88,7.98,50,116,0,0
21:26:49,47,2,0.0,15.88,7.98,50,116,0,0
21:26:50,48,2,0.0,15.88,7.98,50,116,0,0
21:26:52,49,2,0.0,15.88,7.98,50,116,0,0
21:26:53,50,2,0.0,15.88,7.98,50,116,0,0
21:26:54,51,2,0.0,15.88,7.98,50,116,0,0
21:26:55,52,2,0.0,15.88,7.98,50,116,0,0
21:26:56,53,2,0.0,15.88,7.98,50,116,0,0
21:26:57,54,2,0.0,15.88,7.98,50,116,0,0
21:26:58,55,2,0.0,15.88,7.98,50,117,1,0
21:26:59,56,2,0.0,15.88,7.98,50,117,1,0
21:27:00,57,2,0.0,15.88,7.98,50,117,1,0
21:27:01,58,2,0.0,15.88,7.98,50,117,1,0
21:27:02,59,2,0.0,15.88,7.98,50,117,1,0
21:27:03,60,2,0.0,15.88,7.98,50,117,1,0
21:27:04,61,2,0.0,15.88,7.98,50,117,1,0
21:27:05,62,2,0.0,15.88,7.98,50,117,1,0
21:27:06,63,2,0.0,15.88,7.98,50,117,1,0
21:27:07,65,2,0.0,15.88,7.98,50,117,1,0
21:27:08,66,2,0.0,15.88,7.98,50,117,1,0
21:27:09,67,2,0.0,15.88,7.98,50,117,1,0
21:27:10,68,2,0.0,15.88,7.98,50,117,1,0
21:27:11,69,2,0.0,15.88,7.98,50,117,1,0
21:27:12,70,2,0.0,15.88,7.98,50,117,1,0
21:27:13,71,2,0.0,15.88,7.98,50,117,1,0
21:27:14,72,2,0.0,15.88,7.98,50,117,1,0
21:27:15,73,2,0.0,15.88,7.98,50,117,1,0
21:27:16,74,2,0.0,15.88,7.98,50,117,1,0
21:27:17,75,2,0.0,15.88,7.98,50,117,1,0
21:27:18,76,2,0.0,15.88,7.98,50,117,1,0
21:27:19,77,2,0.0,15.88,7.98,50,117,1,0
21:27:20,78,2,0.0,15.88,7.98,50,117,1,0
21:27:21,79,2,0.0,15.88,7.98,50,117,1,0
21:27:22,80,2,0.0,15.88,7.98,50,117,1,0
21:27:24,81,2,0.0,15.88,7.98,50,117,1,0
21:27:25,82,2,0.0,15.88,7.98,50,117,1,0
21:27:26,83,2,0.0,15.88,7.98,50,117,1,0
21:27:27,84,2,0.0,15.88,7.98,50,117,1,0
21:27:28,85,2,0.0,15.88,7.98,50,117,1,0
21:27:29,86,2,0.0,15.88,7.98,50,117,1,0
21:27:30,87,2,0.0,15.88,7.98,50,117,1,0
21:27:31,88,2,0.0,15.88,7.98,50,117,1,0
21:27:32,89,2,0.0,15.88,7.98,50,117,1,0
21:27:33,90,2,0.0,15.88,7.98,50,117,1,0
21:27:34,91,2,0.0,15.88,7.98,50,117,1,0
21:27:35,92,2,0.0,15.88,7.98,50,117,1,0
21:27:36,93,2,0.0,15.88,7.98,50,117,1,0
21:27:37,95,2,0.0,15.88,7.98,50,117,1,0
21:27:38,96,2,0.0,15.88,7.98,50,117,1,0
21:27:39,97,2,0.0,15.88,7.98,50,117,1,0
21:27:40,98,2,0.0,15.88,7.98,50,117,1,0
21:27:41,99,2,0.0,15.88,7.98,50,117,1,0
21:27:42,100,2,0.0,15.88,7.98,50,117,1,0
21:27:43,101,2,0.0,15.88,7.98,50,117,1,0
21:27:44,102,2,0.0,15.88,7.98,50,117,1,0
21:27:45,103,2,0.0,15.88,7.98,50,117,1,0
21:27:46,104,2,0.0,15.88,7.98,50,117,1,0
21:27:47,105,2,0.0,15.88,7.98,50,117,1,0
21:27:48,106,2,0.0,15.88,7.98,50,117,1,0
21:27:49,107,2,0.0,15.88,7.98,50,117,1,0
21:27:50,108,2,0.0,15.88,7.98,50,117,1,0
21:27:51,109,2,0.0,15.88,7.98,50,117,1,0
21:27:52,110,2,0.0,15.88,7.98,50,117,1,0
21:27:53,111,2,0.0,15.88,7.98,50,117,1,0
21:27:55,112,2,0.0,15.88,7.98,50,117,1,0
21:27:56,113,2,0.0,15.88,7.98,50,117,1,0
21:27:57,114,2,0.0,15.88,7.98,50,117,1,0
21:27:58,115,2,0.0,15.88,7.98,50,116,0,0
21:27:59,116,2,0.0,15.88,7.98,50,116,0,0
21:28:00,117,2,0.0,15.88,7.98,50,116,0,0
21:28:01,118,2,0.0,15.88,7.98,50,116,0,0
21:28:02,119,2,0.0,15.88,7.98,50,116,0,0
21:28:03,120,2,0.0,15.88,7.98,50,116,0,0
21:28:04,121,2,0.0,15.88,7.98,50,116,0,0
21:28:05,122,2,0.0,15.88,7.98,50,116,0,0
21:28:06,123,2,0.0,15.88,7.98,50,116,0,0
21:28:07,124,2,0.0,15.88,7.98,50,116,0,0
21:28:08,126,2,0.0,15.88,7.98,50,116,0,0
21:28:09,127,2,0.0,15.88,7.98,50,116,0,0
21:28:10,128,2,0.0,15.88,7.98,50,116,0,0
21:28:11,129,2,0.0,15.88,7.98,50,116,0,0
21:28:12,130,2,0.0,15.88,7.98,50,116,0,0
21:28:13,131,2,0.0,15.88,7.98,50,116,0,0
21:28:14,132,2,0.0,15.88,7.98,50,116,0,0
21:28:15,133,2,0.0,15.88,7.98,50,116,0,0
21:28:16,134,2,0.0,15.88,7.98,50,116,0,0
21:28:17,135,2,0.0,15.88,7.98,50,116,0,0
21:28:18,136,2,0.0,15.88,7.98,50,116,0,0
21:28:19,137,2,0.0,15.88,7.98,50,116,0,0
21:28:20,138,2,0.0,15.88,7.98,50,116,0,0
21:28:21,139,2,0.0,15.88,7.98,50,116,0,0
21:28:22,140,2,0.0,15.88,7.98,50,116,0,0
21:28:23,141,2,0.0,15.88,7.98,50,116,0,0
21:28:24,142,2,0.0,15.88,7.98,50,116,0,0
21:28:25,143,2,0.0,15.88,7.98,50,116,0,0
21:28:27,144,2,0.0,15.88,7.98,50,116,0,0
21:28:28,145,2,0.0,15.88,7.98,50,116,0,0
21:28:29,146,2,0.0,15.88,7.98,50,116,0,0
21:28:30,147,2,0.0,15.88,7.98,50,116,0,0
21:28:31,148,2,0.0,15.88,7.98,50,116,0,0
21:28:32,149,2,0.0,15.88,7.98,50,116,0,0
21:28:33,150,2,0.0,15.88,7.98,50,116,0,0
21:28:34,151,2,0.0,15.88,7.98,50,116,0,0
21:28:35,152,2,0.0,15.88,7.98,50,116,0,0
21:28:36,153,2,0.0,15.88,7.98,50,116,0,0
21:28:37,154,2,0.0,15.88,7.98,50,116,0,0
21:28:38,155,2,0.0,15.88,7.98,50,116,0,0
21:28:39,156,2,0.0,15.88,7.98,50,116,0,0
21:28:40,158,2,0.0,15.88,7.98,50,116,0,0
21:28:41,159,2,0.0,15.88,7.98,50,116,0,0
21:28:42,160,2,0.0,15.88,7.98,50,116,0,0
21:28:43,161,2,0.0,15.88,7.98,50,116,0,0
21:28:44,162,2,0.0,15.88,7.98,50,116,0,0
21:28:45,163,2,0.0,15.88,7.98,50,116,0,0
21:28:46,164,2,0.0,15.89,7.98,50,117,3,0
21:28:47,165,2,0.0,15.89,7.98,50,117,3,0
21:28:48,166,2,0.0,15.89,7.98,50,117,3,0
21:28:49,167,2,0.0,15.89,7.98,50,117,3,0
21:28:50,168,2,0.0,15.89,7.98,50,117,3,0
21:28:51,169,2,0.0,15.89,7.98,50,117,3,0
21:28:52,170,2,0.0,15.89,7.98,50,118,4,0
21:28:53,171,2,0.0,15.89,7.98,50,118,4,0
21:28:54,172,2,0.0,15.89,7.98,50,118,4,0
21:28:55,173,2,0.0,15.89,7.98,50,118,4,0
21:28:56,174,2,0.0,15.89,7.98,50,118,4,0
21:28:57,175,2,0.0,15.89,7.98,50,118,4,0
21:28:59,176,2,0.0,15.89,7.98,50,118,4,0
21:29:00,177,2,0.0,15.89,7.98,50,118,4,0
21:29:01,178,2,0.0,15.89,7.98,50,118,4,0
21:29:02,179,2,0.0,15.89,7.98,50,118,4,0
21:29:03,180,2,0.0,15.89,7.98,50,118,4,0
21:29:04,181,2,0.0,15.89,7.98,50,118,4,0
21:29:05,182,2,0.0,15.89,7.98,50,118,4,0
21:29:06,183,2,0.0,15.89,7.98,50,118,4,0
21:29:07,184,2,0.0,15.89,7.98,50,118,4,0
21:29:08,185,2,0.0,15.89,7.98,50,118,4,0
21:29:09,186,2,0.0,15.89,7.98,50,118,4,0
21:29:10,187,2,0.0,15.89,7.98,50,118,4,0
21:29:11,188,2,0.0,15.89,7.98,50,118,4,0
21:29:12,189,2,0.0,15.89,7.98,50,118,4,0
21:29:13,191,2,0.0,15.89,7.98,50,118,4,0
21:29:14,192,2,0.0,15.9,7.99,50,118,4,0
21:29:15,193,2,0.0,15.9,7.99,50,118,4,0
21:29:16,194,2,0.0,15.9,7.99,50,118,4,0
21:29:17,195,2,0.0,15.9,7.99,50,118,4,0
21:29:18,196,2,0.0,15.9,7.99,50,118,4,0
21:29:19,197,2,0.0,15.9,7.99,50,118,4,0
21:29:20,198,2,0.0,15.9,7.99,50,118,4,0
21:29:21,199,2,0.0,15.9,7.99,50,118,4,0
21:29:22,200,2,0.0,15.9,7.99,50,118,4,0
21:29:23,201,2,0.0,15.9,7.99,50,118,4,0
21:29:24,202,2,0.0,15.9,7.99,50,118,4,0
21:29:25,203,2,0.0,15.9,7.99,50,118,4,0
21:29:26,204,2,0.0,15.9,7.99,50,118,4,0
21:29:27,205,2,0.0,15.9,7.99,50,118,4,0
21:29:28,206,2,0.0,15.9,7.99,50,118,4,0
21:29:29,207,2,0.0,15.9,7.99,50,118,4,0
21:29:31,208,2,0.0,15.9,7.99,50,118,4,0
21:29:32,209,2,0.0,15.9,7.99,50,118,4,0
21:29:33,210,2,0.0,15.9,7.99,50,118,4,0
21:29:34,211,2,0.0,15.9,7.99,50,118,4,0
21:29:35,212,2,0.0,15.9,7.99,50,118,4,0
21:29:36,213,2,0.0,15.9,7.99,50,118,4,0
21:29:37,214,2,0.0,15.9,7.99,50,118,4,0
21:29:38,215,2,0.0,15.9,7.99,50,118,4,0
21:29:39,216,2,0.0,15.9,7.99,50,118,4,0
21:29:40,217,2,0.0,15.9,7.99,50,118,4,0
21:29:41,218,2,0.0,15.9,7.99,50,118,4,0
21:29:42,219,2,0.0,15.9,7.99,50,118,4,0
21:29:43,220,2,0.0,15.9,7.99,50,118,4,0
21:29:44,222,2,0.0,15.9,7.99,50,118,4,0
21:29:45,223,2,0.0,15.9,7.99,50,118,4,0
21:29:46,224,2,0.0,15.9,7.99,50,118,3,0
21:29:47,225,2,0.0,15.9,7.99,50,118,3,0
21:29:48,226,2,0.0,15.9,7.99,50,118,3,0
21:29:49,227,2,0.0,15.9,7.99,50,118,3,0
21:29:50,228,2,0.0,15.9,7.99,50,118,3,0
21:29:51,229,2,0.0,15.9,7.99,50,118,3,0
21:29:52,230,2,0.0,15.9,7.99,50,118,3,0
21:29:53,231,2,0.0,15.9,7.99,50,118,3,0
21:29:54,232,2,0.0,15.9,7.99,50,118,3,0
21:29:55,233,2,0.0,15.9,7.99,50,118,3,0
21:29:56,234,2,31.76,29.74,15.54,124,166,101,0
21:29:57,235,2,29.38,29.89,15.61,124,164,99,0
21:29:58,236,2,31.02,30.02,15.68,124,157,92,0
21:29:59,237,2,30.01,30.09,15.69,124,149,83,0
21:30:01,238,2,30.76,30.15,15.71,124,146,81,0
21:30:02,239,2,29.27,30.17,15.72,124,142,77,0
21:30:03,240,2,34.89,30.18,15.72,124,140,75,6
21:30:04,241,2,31.98,30.24,15.77,124,139,73,11
21:30:05,242,2,32.39,30.44,15.87,124,152,87,20
21:30:06,243,2,37.85,30.47,15.88,124,151,86,20
21:30:07,244,2,32.69,30.66,15.99,74,146,81,34
21:30:08,245,2,35.49,30.68,15.99,74,139,74,38
21:30:09,246,2,33.7,30.74,15.99,74,150,85,52
21:30:10,247,2,33.42,30.74,15.99,74,142,77,56
21:30:11,248,2,35.19,30.73,15.97,74,134,69,62
21:30:12,249,2,26.04,30.82,16.0,74,144,79,64
21:30:13,250,2,38.77,30.84,16.02,74,142,76,66
21:30:14,251,2,37.83,30.84,16.02,74,139,74,72
21:30:15,253,2,35.46,30.84,16.02,74,142,77,78
21:30:16,254,2,33.99,30.85,16.02,74,135,70,80
21:30:17,255,2,32.7,30.87,16.04,74,142,77,87
21:30:18,256,2,33.94,30.88,16.04,74,140,74,94
21:30:19,257,2,33.12,30.88,16.04,74,134,71,96
21:30:20,258,2,33.31,30.93,16.04,74,130,64,103
21:30:21,259,2,35.2,30.93,16.04,74,130,65,111
21:30:22,260,2,32.02,31.0,16.12,74,141,76,118
21:30:23,261,2,33.69,31.01,16.12,74,134,69,119
21:30:24,262,2,31.8,31.01,16.12,74,131,65,127
21:30:25,263,2,30.1,31.01,16.12,74,129,64,132
21:30:26,264,2,38.19,31.04,16.12,74,148,83,137
21:30:27,265,2,33.58,31.04,16.12,74,143,78,144
21:30:28,266,2,34.84,31.04,16.12,74,136,71,151
21:30:29,267,2,38.05,31.11,16.2,74,148,83,157
21:30:30,268,2,37.04,31.12,16.2,74,144,79,162
21:30:32,269,2,37.74,31.1,16.18,74,142,77,167
21:30:33,270,2,40.66,31.13,16.18,74,145,79,173
21:30:34,271,2,30.04,31.13,16.18,74,139,73,177
21:30:35,272,2,31.0,31.11,16.18,74,131,65,182
21:30:36,273,2,38.6,31.18,16.18,74,159,94,188
21:30:37,274,2,27.07,31.28,16.29,74,156,91,190
21:30:38,275,2,34.11,31.29,16.29,74,152,86,196
21:30:39,276,2,35.96,31.3,16.31,74,151,86,205
21:30:40,277,2,34.88,31.3,16.31,74,149,84,210
21:30:41,278,2,36.54,31.38,16.38,74,149,84,218
21:30:42,279,2,37.76,31.38,16.38,74,144,80,223
21:30:43,280,2,36.55,31.39,16.38,74,142,77,227
21:30:44,281,2,29.89,31.36,16.36,74,134,68,230
21:30:45,283,2,39.86,31.36,16.36,74,143,78,238
21:30:46,284,2,35.63,31.36,16.36,74,141,76,243
21:30:47,285,2,30.09,31.36,16.36,74,139,74,247
21:30:48,286,2,35.8,31.48,16.36,74,146,81,254
21:30:49,287,2,30.62,31.5,16.36,74,140,74,256
21:30:50,288,2,30.86,31.5,16.36,74,139,73,266
21:30:51,289,2,33.04,31.5,16.36,74,136,69,272
21:30:52,290,2,31.73,31.56,16.39,74,146,80,276
21:30:53,291,2,31.01,31.53,16.39,74,144,77,281
21:30:54,292,2,32.05,31.52,16.38,74,136,70,287
21:30:55,293,2,38.03,31.54,16.38,74,136,70,293
21:30:56,294,2,8.8,31.54,16.38,74,132,16,293
21:30:57,295,2,0.0,31.54,16.38,74,132,16,293
21:30:58,296,2,0.0,31.54,16.38,74,132,16,293
21:30:59,297,2,0.0,31.54,16.38,74,132,16,293
21:31:00,298,2,0.0,31.54,16.38,74,132,16,293
21:31:01,299,2,0.0,31.54,16.38,74,132,16,293
21:31:03,300,2,12.74,32.3,16.38,98,134,78,292
21:31:04,301,2,34.77,32.38,16.39,98,143,87,283
21:31:05,302,2,30.99,32.38,16.39,98,138,82,283
21:31:06,303,2,30.83,32.63,16.51,98,154,98,283
21:31:07,304,2,29.93,32.65,16.52,98,154,98,283
21:31:08,305,2,31.78,32.65,16.52,98,148,92,257
21:31:09,306,2,29.99,32.62,16.49,98,151,95,257
21:31:10,307,2,29.0,32.62,16.49,98,150,94,257
21:31:11,308,2,36.14,32.62,16.49,98,145,89,257
21:31:12,309,2,22.13,32.62,16.49,98,140,84,229
21:31:13,310,2,23.51,32.54,16.51,98,153,97,239
21:31:14,311,2,23.46,32.53,16.51,98,149,93,239
21:31:15,312,2,30.09,32.55,16.51,98,154,98,244
21:31:16,314,2,31.0,32.55,16.51,98,151,95,237
21:31:17,315,2,28.85,32.55,16.51,98,149,93,248
21:31:18,316,2,35.99,32.55,16.51,98,143,87,249
21:31:19,317,2,31.96,32.55,16.51,98,139,83,250
21:31:20,318,2,35.1,32.55,16.51,98,137,80,245
21:31:21,319,2,31.73,32.6,16.51,98,154,98,251
21:31:22,320,2,27.12,32.61,16.51,98,155,98,252
21:31:23,321,2,32.19,32.61,16.51,98,152,96,259
21:31:24,322,2,35.8,32.65,16.55,98,153,97,236
21:31:25,323,2,31.04,32.65,16.55,98,152,95,237
21:31:26,324,2,37.63,32.65,16.55,98,144,88,239
21:31:27,325,2,37.13,32.61,16.51,98,142,86,246
21:31:28,326,2,32.96,32.64,16.5,98,150,94,226
21:31:29,327,2,31.31,32.64,16.5,98,147,91,230
21:31:30,328,2,35.83,32.64,16.5,98,148,92,237
21:31:31,329,2,29.17,32.64,16.5,98,146,90,241
21:31:32,330,1,19.29,16.96,16.96,49,85,88,236
21:31:34,331,1,30.94,17.39,17.39,49,91,94,243
21:31:35,332,1,23.08,17.41,17.41,49,87,90,245
21:31:36,333,1,32.02,17.41,17.41,49,86,89,248
21:31:37,334,1,28.1,17.78,17.78,49,96,99,231
21:31:38,335,1,27.29,17.8,17.8,49,93,96,235
21:31:39,336,1,25.96,17.82,17.82,49,91,93,238
21:31:40,337,1,30.99,18.12,18.12,49,95,98,249
21:31:41,338,1,31.82,18.15,18.15,49,93,96,233
21:31:42,339,1,30.24,18.14,18.14,49,86,89,236
21:31:43,340,1,28.5,18.24,18.24,49,91,94,237
21:31:44,341,1,31.0,18.23,18.23,49,91,94,239
21:31:45,342,1,32.05,18.23,18.23,49,88,91,223
21:31:46,343,1,33.9,18.23,18.23,49,95,98,227
21:31:47,344,1,28.37,18.23,18.23,49,93,96,236
21:31:48,346,1,28.94,18.24,18.24,49,92,95,238
21:31:49,347,1,33.0,18.21,18.21,49,83,90,224
21:31:50,348,1,34.02,18.24,18.24,49,90,93,227
21:31:51,349,1,31.93,18.24,18.24,49,85,87,229
21:31:52,350,1,31.9,18.23,18.23,49,94,97,232
21:31:53,351,1,30.99,18.29,18.29,49,92,94,216
21:31:54,352,1,28.91,18.28,18.28,49,87,89,221
21:31:55,353,1,29.18,18.47,18.47,49,95,98,227
21:31:56,354,1,29.87,18.54,18.54,49,90,93,231
21:31:57,355,1,29.7,18.52,18.52,49,90,92,221
21:31:58,356,1,34.79,18.51,18.51,49,92,95,227
21:31:59,357,1,29.85,18.57,18.57,49,90,93,230
21:32:00,358,1,29.01,18.54,18.54,49,89,92,232
21:32:01,359,1,30.34,18.64,18.64,49,95,98,236
21:32:02,360,1,27.93,18.66,18.66,49,92,35,241
21:32:03,361,1,0.0,18.66,18.66,49,92,35,241
21:32:05,362,1,0.0,18.66,18.66,49,92,35,241
21:32:06,363,1,0.0,18.66,18.66,49,92,35,241
21:32:07,364,1,0.0,18.66,18.66,49,92,35,241
21:32:08,365,1,0.0,18.66,18.66,49,92,35,241
21:32:09,366,1,0.0,18.66,18.66,49,92,35,241
21:32:10,367,1,0.0,18.66,18.66,49,92,35,241
21:32:11,368,1,0.0,18.66,18.66,49,92,35,241
21:32:12,369,1,0.0,18.66,18.66,49,92,35,241
21:32:13,370,1,0.0,18.66,18.66,49,92,35,235
21:32:14,371,1,0.0,18.66,18.66,49,92,35,235
21:32:15,372,1,0.0,18.66,18.66,49,92,35,235
21:32:16,373,1,0.0,18.66,18.66,49,92,35,235
21:32:17,375,1,0.0,18.66,18.66,49,92,35,205
21:32:18,376,1,0.0,18.66,18.66,49,92,35,205
21:32:19,377,1,0.0,18.66,18.66,49,92,35,205
21:32:20,378,1,0.0,18.66,18.66,49,92,35,205
21:32:21,379,1,0.0,18.66,18.66,49,92,35,184
21:32:22,380,1,0.0,18.66,18.66,49,92,35,184
21:32:23,381,1,0.0,18.66,18.66,49,92,35,184
21:32:24,382,1,0.0,18.66,18.66,49,92,35,184
21:32:25,383,1,0.0,18.66,18.66,49,92,35,173
21:32:26,384,1,0.0,18.66,18.66,49,92,35,173
21:32:27,385,1,0.0,18.66,18.66,49,92,35,173
21:32:28,386,1,0.0,18.66,18.66,49,92,35,173
21:32:29,387,1,0.0,18.66,18.66,49,92,35,157
21:32:30,388,1,0.0,18.66,18.66,49,92,35,157
21:32:31,389,1,0.0,18.66,18.66,49,92,35,157
21:32:33,390,1,0.0,18.66,18.66,49,92,35,157
21:32:34,391,1,0.0,18.66,18.66,49,92,35,120
21:32:35,392,1,0.0,18.66,18.66,49,92,35,120
21:32:36,393,1,0.0,18.66,18.66,49,92,35,120
21:32:37,394,1,0.0,18.66,18.66,49,92,35,120
21:32:38,395,1,0.0,18.66,18.66,49,92,35,110
21:32:39,396,1,0.0,18.66,18.66,49,92,35,110
21:32:40,397,1,0.0,18.66,18.66,49,92,35,110
21:32:41,398,1,0.0,18.66,18.66,49,92,35,110
21:32:42,399,1,0.0,18.66,18.66,49,92,35,87
21:32:43,400,1,0.0,18.66,18.66,49,92,35,87
21:32:44,401,1,0.0,18.66,18.66,49,92,35,87
21:32:45,402,1,0.0,18.66,18.66,49,92,35,87
21:32:46,404,1,0.0,18.66,18.66,49,92,35,75
21:32:47,405,1,0.0,18.66,18.66,49,92,35,75
21:32:48,406,1,0.0,18.66,18.66,49,92,35,75
21:32:49,407,1,0.0,18.66,18.66,49,92,35,75
21:32:50,408,1,0.0,18.66,18.66,49,92,35,52
21:32:51,409,1,0.0,18.66,18.66,49,92,35,52
21:32:52,410,1,0.0,18.66,18.66,49,92,35,52
21:32:53,411,1,0.0,18.66,18.66,49,92,35,52
21:32:54,412,1,0.0,18.66,18.66,49,92,35,39
21:32:55,413,1,0.0,18.66,18.66,49,92,35,39
21:32:56,414,1,0.0,18.66,18.66,49,92,35,39
21:32:57,415,1,0.0,18.66,18.66,49,92,35,39
21:32:58,416,1,0.0,18.66,18.66,49,92,35,18
21:32:59,417,1,0.0,18.66,18.66,49,92,35,18
21:33:00,418,1,0.0,18.66,18.66,49,92,35,18
21:33:01,419,1,0.0,18.66,18.66,49,87,30,18
21:33:03,420,1,1.93,18.57,18.57,49,57,0,3
21:33:04,421,1,0.0,18.57,18.57,49,57,0,3
21:33:05,422,1,0.0,18.57,18.57,49,57,0,3
21:33:06,423,1,0.0,18.57,18.57,49,57,0,3
21:33:07,424,1,0.0,18.57,18.57,49,57,0,0
21:33:08,425,1,0.0,18.57,18.57,49,57,0,0
21:33:09,426,1,0.0,18.57,18.57,49,57,0,0
21:33:10,427,1,0.0,18.57,18.57,49,57,0,0
21:33:11,428,1,0.0,18.57,18.57,49,57,0,0
21:33:12,429,1,0.0,18.57,18.57,49,57,0,0
21:33:13,430,1,0.0,18.57,18.57,49,57,0,0
